chrom,pos,direction,ts,cl,sigLevel,region,ID,Name,fullname,EntrezGene,featureList
2R,14993431,flip,Timepoint 3 --> 4|Timepoint 4 --> 5,419|423,3|2,2R:14954664-15009463,FBgn0004168,5-HT1A,Serotonin receptor 1A,37196,gene|exon_junction|intron
2R,15689971,flip,Timepoint 3 --> 4|Timepoint 4 --> 5,495|423,2|2,NA,NA,NA,NA,NA,NA
3L,13590189,flip,Timepoint 3 --> 4|Timepoint 4 --> 5,653|699,2|2,3L:13516668-13659849,FBgn0262350,bru-3,bruno-3,39527,exon_junction|intron|gene
3L,13601500,flip,Timepoint 3 --> 4|Timepoint 4 --> 5,653|699,2|3,3L:13516668-13659849,FBgn0262350,bru-3,bruno-3,39527,exon|three_prime_UTR|exon_junction|gene|intron
3L,13601512,flip,Timepoint 3 --> 4|Timepoint 4 --> 5,653|699,3|3,3L:13516668-13659849,FBgn0262350,bru-3,bruno-3,39527,exon|three_prime_UTR|exon_junction|gene|intron
3L,13793864,flip,Timepoint 3 --> 4|Timepoint 4 --> 5,653|699,3|2,NA,NA,NA,NA,NA,NA
3L,14112491,flip,Timepoint 3 --> 4|Timepoint 4 --> 5,653|774,2|2,3L:14105483-14124424,FBgn0042630,Sox21b,Sox21b,39569,exon_junction|intron|gene
3L,14140431,flip,Timepoint 3 --> 4|Timepoint 4 --> 5,653|774,3|2,NA,NA,NA,NA,NA,NA
3L,16307391,flip,Timepoint 3 --> 4|Timepoint 4 --> 5,819|886,3|2,3L:16307385-16308249,FBgn0036603,CG13062,,39799,gene|exon|five_prime_UTR
3L,16763962,same,Timepoint 4 --> 5|Timepoint 4 --> 5,886|909,2|2,3L:16759174-16770565,FBgn0004108,Nrt,Neurotactin,39873,gene|exon_junction|intron
3L,16764013,same,Timepoint 4 --> 5|Timepoint 4 --> 5,886|909,2|2,3L:16759174-16770565,FBgn0004108,Nrt,Neurotactin,39873,gene|exon_junction|intron
3L,16932016,flip,Timepoint 3 --> 4|Timepoint 4 --> 5,819|909,2|2,3L:16931430-16932052,FBgn0036679,CG13022,,39896,exon|gene|CDS
3L,16932029,flip,Timepoint 3 --> 4|Timepoint 4 --> 5,819|909,2|2,3L:16931430-16932052,FBgn0036679,CG13022,,39896,exon|gene|CDS
3L,16932044,flip,Timepoint 3 --> 4|Timepoint 4 --> 5,819|909,2|2,3L:16931430-16932052,FBgn0036679,CG13022,,39896,exon|gene|five_prime_UTR
3L,18057495,flip,Timepoint 3 --> 4|Timepoint 4 --> 5,819|966,3|2,3L:17944508-18057721,FBgn0000568,Eip75B,Ecdysone-induced protein 75B,39999,exon_junction|intron|gene
3L,18874759,flip,Timepoint 2 --> 3|Timepoint 3 --> 4,1022|819,2|3,3L:18871350-18883582,FBgn0036821,CG3961,,40056,gene|exon_junction|intron
3L,18912030,flip,Timepoint 3 --> 4|Timepoint 4 --> 5,819|1017,2|2,3L:18910681-18912361,FBgn0036831,CG6839,,40067,gene|exon|CDS
3L,19956368,flip,Timepoint 3 --> 4|Timepoint 4 --> 5,819|1062,3|2,3L:19932386-19971060,FBgn0004852,Ac76E,Adenylyl cyclase 76E,40180,gene|exon_junction|intron
3L,20036428,flip,Timepoint 2 --> 3|Timepoint 3 --> 4,1058|819,2|3,NA,NA,NA,NA,NA,NA
3L,20040503,flip,Timepoint 3 --> 4|Timepoint 4 --> 5,819|1062,3|2,NA,NA,NA,NA,NA,NA
3L,20048609,flip,Timepoint 3 --> 4|Timepoint 4 --> 5,819|1062,3|2,NA,NA,NA,NA,NA,NA
3L,20062687,flip,Timepoint 3 --> 4|Timepoint 4 --> 5,819|1062,3|3,3L:20053096-20082082,FBgn0036934,sNPF-R,short neuropeptide F receptor,40195,gene|exon_junction|intron
3L,20839809,flip,Timepoint 3 --> 4|Timepoint 4 --> 5,819|1062,2|2,3L:20837425-20878288,FBgn0052432,CG32432,,40310,CDS|exon|gene
3R,1548870,flip,Timepoint 2 --> 3|Timepoint 3 --> 4,1160|1143,2|3,NA,NA,NA,NA,NA,NA
3R,4047700,same,Timepoint 3 --> 4|Timepoint 3 --> 4,1143|1219,2|2,3R:4045863-4047910,FBgn0037553,CG18249,,40964,three_prime_UTR|exon|gene
3R,6907582,flip,Timepoint 3 --> 4|Timepoint 4 --> 5,1265|1280,2|2,NA,NA,NA,NA,NA,NA
3R,8769970,flip,Timepoint 3 --> 4|Timepoint 4 --> 5,1265|1336,3|2,NA,NA,NA,NA,NA,NA
3R,11753081,flip,Timepoint 3 --> 4|Timepoint 4 --> 5,1438|1429,2|3,3R:11746635-11758614,FBgn0038385,CG4221,,41935,gene|exon_junction|intron
3R,18266856,flip,Timepoint 3 --> 4|Timepoint 4 --> 5,1664|1573,3|2,3R:18266023-18272254,FBgn0038968,CG12499,,42637,gene|CDS|exon
3R,18270226,flip,Timepoint 3 --> 4|Timepoint 4 --> 5,1664|1573,2|3,3R:18266023-18272254,FBgn0038968,CG12499,,42637,gene|CDS|exon
3R,18270679,flip,Timepoint 3 --> 4|Timepoint 4 --> 5,1664|1573,3|3,3R:18266023-18272254,FBgn0038968,CG12499,,42637,gene|CDS|exon
3R,23846003,flip,Timepoint 3 --> 4|Timepoint 4 --> 5,1791|1747,2|3,NA,NA,NA,NA,NA,NA
3R,23877481,flip,Timepoint 3 --> 4|Timepoint 4 --> 5,1791|1747,3|3,3R:23852334-23911484,FBgn0085391,CG34362,,43362,exon_junction|intron|gene
3R,23878543,flip,Timepoint 3 --> 4|Timepoint 4 --> 5,1791|1747,2|3,3R:23852334-23911484,FBgn0085391,CG34362,,43362,exon_junction|intron|gene
3R,23970710,flip,Timepoint 3 --> 4|Timepoint 4 --> 5,1791|1747,2|3,NA,NA,NA,NA,NA,NA
3R,24446662,flip,Timepoint 3 --> 4|Timepoint 4 --> 5,1819|1747,3|3,3R:24433653-24460785,FBgn0039590,CG10011,,43387,gene|exon_junction|intron
3R,24452555,flip,Timepoint 3 --> 4|Timepoint 4 --> 5,1819|1747,2|3,3R:24433653-24460785,FBgn0039590,CG10011,,43387,gene|exon_junction|intron
3R,25605683,flip,Timepoint 3 --> 4|Timepoint 4 --> 5,1870|1858,3|3,3R:25604995-25606453,FBgn0039694,fig,fos intronic gene,43511,exon_junction|exon|gene|CDS|intron
3R,25605683,flip,Timepoint 3 --> 4|Timepoint 4 --> 5,1870|1858,3|3,3R:25592497-25619838,FBgn0001297,kay,kayak,3772082,exon_junction|exon|gene|CDS|intron
3R,25816269,flip,Timepoint 3 --> 4|Timepoint 4 --> 5,1870|1858,3|3,3R:25809174-25816514,FBgn0039728,CG7896,,43552,gene|exon|three_prime_UTR|exon_junction
3R,25816275,flip,Timepoint 3 --> 4|Timepoint 4 --> 5,1870|1858,3|3,3R:25809174-25816514,FBgn0039728,CG7896,,43552,gene|exon|three_prime_UTR|exon_junction
